movement_id,company,strategy_type,sector_target,region,country,subregion,date,investment_usd_m,target_company,strategic_priority,details
str-20000,dragados,cost optimization,energy,australia,australia,western australia,2021-02-06,7983.45,unknown,efficiency,"dragados announced a cost optimization in western australia, australia, targeting industrial to drive sustainability."
str-20001,mccarthy,workforce development,residential,latin america,peru,peru,2021-06-19,7983.45,unknown,sustainability,"mccarthy announced a workforce development in peru, peru, targeting energy to enhance capabilities."
str-20002,balfour beatty,sustainability initiative,healthcare,north america,canada,quebec,2024-11-24,7983.45,unknown,growth,"balfour beatty announced a sustainability initiative in quebec, canada, targeting transportation to capture market share."
str-20003,acciona,cost optimization,energy,middle east,saudi arabia,saudi arabia,2023-08-10,7983.45,unknown,growth,"acciona announced a cost optimization in saudi arabia, saudi arabia, targeting utilities to improve resilience."
str-20004,samsung c&t,acquisition,education,middle east,kuwait,kuwait,2021-04-11,3534.2,snc-lavalin,sustainability,"samsung c&t announced a acquisition in kuwait, kuwait, targeting residential to improve resilience."
str-20005,bam group,cost optimization,energy,europe,uk,wales,2021-09-28,7983.45,unknown,growth,"bam group announced a cost optimization in wales, uk, targeting residential to leverage digital tools."
str-20006,ferrovial,market expansion,utilities,north america,usa,illinois,2023-01-21,11612.4,unknown,growth,"ferrovial announced a market expansion in illinois, usa, targeting infrastructure to drive sustainability."
str-20007,larsen & toubro,sustainability initiative,utilities,latin america,peru,peru,2022-09-13,7983.45,unknown,efficiency,"larsen & toubro announced a sustainability initiative in peru, peru, targeting infrastructure to leverage digital tools."
str-20008,gilbane,acquisition,energy,australia,australia,victoria,2022-01-27,7720.15,samsung c&t,market leadership,"gilbane announced a acquisition in victoria, australia, targeting commercial to leverage digital tools."
str-20009,obayashi corporation,technology adoption,education,middle east,oman,oman,2021-05-07,9435.32,unknown,efficiency,"obayashi corporation announced a technology adoption in oman, oman, targeting commercial to expand globally."
str-20010,skanska,partnership,transportation,africa,egypt,egypt,2023-01-05,7983.45,unknown,market leadership,"skanska announced a partnership in egypt, egypt, targeting utilities to expand globally."
str-20011,mortenson construction,acquisition,energy,middle east,saudi arabia,saudi arabia,2023-02-23,13570.88,john holland,growth,"mortenson construction announced a acquisition in saudi arabia, saudi arabia, targeting energy to improve resilience."
str-20012,pcl construction,digital transformation,healthcare,asia-pacific,china,guangdong,2024-06-12,7983.45,unknown,innovation,"pcl construction announced a digital transformation in guangdong, china, targeting residential to capture market share."
str-20013,pcl construction,merger,utilities,australia,australia,western australia,2022-07-17,11673.5,john holland,innovation,"pcl construction announced a merger in western australia, australia, targeting commercial to expand globally."
str-20014,mccarthy,technology adoption,infrastructure,middle east,oman,oman,2025-04-23,9863.36,unknown,growth,"mccarthy announced a technology adoption in oman, oman, targeting healthcare to improve resilience."
str-20015,fluor,risk management,residential,europe,sweden,sweden,2022-04-10,7983.45,unknown,growth,"fluor announced a risk management in sweden, sweden, targeting transportation to capture market share."
str-20016,turner construction,market expansion,education,europe,sweden,sweden,2022-08-30,9195.63,unknown,growth,"turner construction announced a market expansion in sweden, sweden, targeting healthcare to capture market share."
str-20017,china state construction,merger,infrastructure,north america,canada,alberta,2022-06-05,961.11,cpb contractors,efficiency,"china state construction announced a merger in alberta, canada, targeting commercial to leverage digital tools."
str-20018,leighton asia,cost optimization,infrastructure,africa,egypt,egypt,2022-04-05,7983.45,unknown,innovation,"leighton asia announced a cost optimization in egypt, egypt, targeting utilities to improve resilience."
str-20019,snc-lavalin,acquisition,residential,australia,australia,victoria,2022-05-05,4358.53,bechtel,innovation,"snc-lavalin announced a acquisition in victoria, australia, targeting residential to enhance capabilities."
str-20020,gilbane,risk management,utilities,australia,australia,western australia,2022-10-03,7983.45,unknown,innovation,"gilbane announced a risk management in western australia, australia, targeting healthcare to drive sustainability."
str-20021,mace group,acquisition,education,asia-pacific,china,jiangsu,2023-10-11,2811.25,whiting-turner,efficiency,"mace group announced a acquisition in jiangsu, china, targeting utilities to leverage digital tools."
str-20022,fluor,workforce development,utilities,north america,usa,washington,2022-02-24,7983.45,unknown,growth,"fluor announced a workforce development in washington, usa, targeting commercial to improve resilience."
str-20023,leighton asia,merger,commercial,australia,australia,queensland,2023-07-27,5428.05,mortenson construction,innovation,"leighton asia announced a merger in queensland, australia, targeting industrial to drive sustainability."
str-20024,snc-lavalin,workforce development,healthcare,europe,sweden,sweden,2024-06-08,7983.45,unknown,growth,"snc-lavalin announced a workforce development in sweden, sweden, targeting education to enhance capabilities."
str-20025,balfour beatty,technology adoption,infrastructure,europe,sweden,sweden,2023-05-22,14645.08,unknown,efficiency,"balfour beatty announced a technology adoption in sweden, sweden, targeting transportation to leverage digital tools."
str-20026,hochtief,cost optimization,healthcare,australia,australia,victoria,2023-10-24,7983.45,unknown,innovation,"hochtief announced a cost optimization in victoria, australia, targeting education to enhance capabilities."
str-20027,mortenson construction,sustainability initiative,education,australia,australia,victoria,2025-01-17,7983.45,unknown,innovation,"mortenson construction announced a sustainability initiative in victoria, australia, targeting healthcare to drive sustainability."
str-20028,mccarthy,partnership,infrastructure,north america,usa,new york,2023-11-07,7983.45,unknown,sustainability,"mccarthy announced a partnership in new york, usa, targeting education to expand globally."
str-20029,vinci,partnership,transportation,europe,poland,poland,2023-02-04,7983.45,unknown,growth,"vinci announced a partnership in poland, poland, targeting education to enhance capabilities."
str-20030,bam group,market expansion,residential,north america,mexico,mexico,2021-06-30,8119.74,unknown,market leadership,"bam group announced a market expansion in mexico, mexico, targeting transportation to capture market share."
str-20031,cpb contractors,sustainability initiative,education,asia-pacific,malaysia,malaysia,2023-03-15,7983.45,unknown,market leadership,"cpb contractors announced a sustainability initiative in malaysia, malaysia, targeting energy to drive sustainability."
str-20032,turner construction,digital transformation,utilities,north america,usa,washington,2020-12-31,7983.45,unknown,sustainability,"turner construction announced a digital transformation in washington, usa, targeting commercial to drive sustainability."
str-20033,ferrovial,sustainability initiative,infrastructure,asia-pacific,india,karnataka,2022-09-16,7983.45,unknown,efficiency,"ferrovial announced a sustainability initiative in karnataka, india, targeting healthcare to leverage digital tools."
str-20034,china state construction,risk management,utilities,asia-pacific,malaysia,malaysia,2024-07-01,7983.45,unknown,growth,"china state construction announced a risk management in malaysia, malaysia, targeting transportation to capture market share."
str-20035,dragados,market expansion,utilities,asia-pacific,india,maharashtra,2025-05-11,13685.4,unknown,market leadership,"dragados announced a market expansion in maharashtra, india, targeting transportation to drive sustainability."
str-20036,skanska,digital transformation,education,australia,australia,new south wales,2022-12-27,7983.45,unknown,sustainability,"skanska announced a digital transformation in new south wales, australia, targeting utilities to expand globally."
str-20037,china state construction,partnership,transportation,australia,australia,new south wales,2024-03-14,7983.45,unknown,growth,"china state construction announced a partnership in new south wales, australia, targeting industrial to expand globally."
str-20038,strabag,risk management,commercial,asia-pacific,japan,japan,2021-12-07,7983.45,unknown,efficiency,"strabag announced a risk management in japan, japan, targeting healthcare to capture market share."
str-20039,turner construction,merger,transportation,asia-pacific,japan,japan,2024-07-09,1110.06,balfour beatty,innovation,"turner construction announced a merger in japan, japan, targeting commercial to enhance capabilities."
str-20040,bechtel,market expansion,commercial,latin america,argentina,argentina,2023-06-14,2488.94,unknown,efficiency,"bechtel announced a market expansion in argentina, argentina, targeting transportation to enhance capabilities."
str-20041,thiess,cost optimization,utilities,middle east,qatar,qatar,2020-06-19,7983.45,unknown,innovation,"thiess announced a cost optimization in qatar, qatar, targeting industrial to improve resilience."
str-20042,mortenson construction,partnership,education,australia,australia,western australia,2021-03-06,7983.45,unknown,innovation,"mortenson construction announced a partnership in western australia, australia, targeting utilities to drive sustainability."
str-20043,hochtief,workforce development,infrastructure,north america,canada,alberta,2022-04-09,7983.45,unknown,sustainability,"hochtief announced a workforce development in alberta, canada, targeting healthcare to enhance capabilities."
str-20044,cpb contractors,market expansion,commercial,africa,egypt,egypt,2021-03-01,14423.5,unknown,market leadership,"cpb contractors announced a market expansion in egypt, egypt, targeting transportation to improve resilience."
str-20045,samsung c&t,merger,commercial,middle east,uae,uae,2022-03-07,1099.91,gilbane,market leadership,"samsung c&t announced a merger in uae, uae, targeting energy to improve resilience."
str-20046,shimizu corporation,merger,energy,asia-pacific,japan,japan,2020-10-10,2189.66,cpb contractors,efficiency,"shimizu corporation announced a merger in japan, japan, targeting education to leverage digital tools."
str-20047,whiting-turner,sustainability initiative,infrastructure,africa,egypt,egypt,2021-02-28,7983.45,unknown,sustainability,"whiting-turner announced a sustainability initiative in egypt, egypt, targeting residential to leverage digital tools."
str-20048,lendlease,cost optimization,utilities,europe,netherlands,netherlands,2024-06-30,7983.45,unknown,innovation,"lendlease announced a cost optimization in netherlands, netherlands, targeting commercial to improve resilience."
str-20049,balfour beatty,workforce development,residential,europe,spain,spain,2022-07-06,7983.45,unknown,market leadership,"balfour beatty announced a workforce development in spain, spain, targeting healthcare to enhance capabilities."
str-20050,ferrovial,risk management,education,north america,canada,british columbia,2024-02-06,7983.45,unknown,growth,"ferrovial announced a risk management in british columbia, canada, targeting utilities to drive sustainability."
str-20051,larsen & toubro,sustainability initiative,transportation,north america,usa,texas,2025-01-24,7983.45,unknown,efficiency,"larsen & toubro announced a sustainability initiative in texas, usa, targeting transportation to improve resilience."
str-20052,ferrovial,acquisition,energy,asia-pacific,australia,western australia,2021-11-08,12238.59,salini impregilo,sustainability,"ferrovial announced a acquisition in western australia, australia, targeting industrial to improve resilience."
str-20053,snc-lavalin,market expansion,residential,middle east,kuwait,kuwait,2023-12-06,8856.38,unknown,sustainability,"snc-lavalin announced a market expansion in kuwait, kuwait, targeting utilities to enhance capabilities."
str-20054,samsung c&t,risk management,healthcare,latin america,peru,peru,2021-09-19,7983.45,unknown,market leadership,"samsung c&t announced a risk management in peru, peru, targeting healthcare to expand globally."
str-20055,saipem,digital transformation,commercial,asia-pacific,japan,japan,2022-01-24,7983.45,unknown,market leadership,"saipem announced a digital transformation in japan, japan, targeting residential to drive sustainability."
str-20056,mace group,market expansion,utilities,middle east,uae,uae,2022-08-31,5641.58,unknown,efficiency,"mace group announced a market expansion in uae, uae, targeting education to capture market share."
str-20057,snc-lavalin,cost optimization,healthcare,north america,mexico,mexico,2024-06-23,7983.45,unknown,market leadership,"snc-lavalin announced a cost optimization in mexico, mexico, targeting utilities to drive sustainability."
str-20058,bechtel,cost optimization,industrial,middle east,uae,uae,2022-08-03,7983.45,unknown,innovation,"bechtel announced a cost optimization in uae, uae, targeting utilities to capture market share."
str-20059,thiess,cost optimization,energy,europe,sweden,sweden,2021-04-16,7983.45,unknown,innovation,"thiess announced a cost optimization in sweden, sweden, targeting utilities to expand globally."
str-20060,clark construction,workforce development,education,australia,australia,new south wales,2021-09-04,7983.45,unknown,sustainability,"clark construction announced a workforce development in new south wales, australia, targeting utilities to capture market share."
str-20061,bam group,technology adoption,transportation,middle east,saudi arabia,saudi arabia,2023-02-25,4801.96,unknown,market leadership,"bam group announced a technology adoption in saudi arabia, saudi arabia, targeting infrastructure to enhance capabilities."
str-20062,skanska,risk management,transportation,asia-pacific,australia,new south wales,2024-03-02,7983.45,unknown,innovation,"skanska announced a risk management in new south wales, australia, targeting healthcare to improve resilience."
str-20063,mccarthy,acquisition,education,africa,nigeria,nigeria,2024-04-24,3143.51,hochtief,innovation,"mccarthy announced a acquisition in nigeria, nigeria, targeting industrial to expand globally."
str-20064,aecom,cost optimization,industrial,latin america,chile,chile,2023-10-30,7983.45,unknown,efficiency,"aecom announced a cost optimization in chile, chile, targeting infrastructure to improve resilience."
str-20065,leighton asia,cost optimization,education,middle east,oman,oman,2022-02-10,7983.45,unknown,market leadership,"leighton asia announced a cost optimization in oman, oman, targeting residential to improve resilience."
str-20066,saipem,digital transformation,healthcare,europe,netherlands,netherlands,2021-07-29,7983.45,unknown,market leadership,"saipem announced a digital transformation in netherlands, netherlands, targeting healthcare to enhance capabilities."
str-20067,strabag,cost optimization,infrastructure,africa,egypt,egypt,2020-11-26,7983.45,unknown,sustainability,"strabag announced a cost optimization in egypt, egypt, targeting healthcare to improve resilience."
str-20068,whiting-turner,risk management,education,north america,mexico,mexico,2024-12-16,7983.45,unknown,efficiency,"whiting-turner announced a risk management in mexico, mexico, targeting education to enhance capabilities."
str-20069,bam group,risk management,energy,middle east,kuwait,kuwait,2020-06-14,7983.45,unknown,sustainability,"bam group announced a risk management in kuwait, kuwait, targeting utilities to capture market share."
str-20070,salini impregilo,sustainability initiative,industrial,africa,algeria,algeria,2021-12-08,7983.45,unknown,market leadership,"salini impregilo announced a sustainability initiative in algeria, algeria, targeting commercial to enhance capabilities."
str-20071,cpb contractors,workforce development,utilities,north america,mexico,mexico,2021-07-23,7983.45,unknown,sustainability,"cpb contractors announced a workforce development in mexico, mexico, targeting transportation to improve resilience."
str-20072,kajima corporation,merger,infrastructure,africa,nigeria,nigeria,2024-07-24,9766.14,fluor,growth,"kajima corporation announced a merger in nigeria, nigeria, targeting energy to drive sustainability."
str-20073,hochtief,market expansion,residential,asia-pacific,china,jiangsu,2024-06-27,3621.6,unknown,sustainability,"hochtief announced a market expansion in jiangsu, china, targeting education to enhance capabilities."
str-20074,bam group,market expansion,energy,europe,germany,germany,2023-01-29,13656.74,unknown,innovation,"bam group announced a market expansion in germany, germany, targeting infrastructure to leverage digital tools."
str-20075,aecom,acquisition,utilities,asia-pacific,china,beijing,2024-11-22,4516.84,mace group,innovation,"aecom announced a acquisition in beijing, china, targeting transportation to capture market share."
str-20076,dragados,merger,education,australia,australia,new south wales,2021-07-01,7825.15,lendlease,efficiency,"dragados announced a merger in new south wales, australia, targeting industrial to leverage digital tools."
str-20077,ferrovial,merger,energy,latin america,colombia,colombia,2020-11-03,9519.5,cpb contractors,innovation,"ferrovial announced a merger in colombia, colombia, targeting education to leverage digital tools."
str-20078,cpb contractors,risk management,healthcare,latin america,brazil,rio de janeiro,2025-05-29,7983.45,unknown,efficiency,"cpb contractors announced a risk management in rio de janeiro, brazil, targeting residential to drive sustainability."
str-20079,samsung c&t,acquisition,education,latin america,colombia,colombia,2025-03-30,13298.12,strabag,market leadership,"samsung c&t announced a acquisition in colombia, colombia, targeting commercial to expand globally."
str-20080,kiewit,cost optimization,utilities,africa,morocco,morocco,2021-08-05,7983.45,unknown,sustainability,"kiewit announced a cost optimization in morocco, morocco, targeting infrastructure to capture market share."
str-20081,clark construction,digital transformation,residential,europe,poland,poland,2023-03-11,7983.45,unknown,efficiency,"clark construction announced a digital transformation in poland, poland, targeting transportation to enhance capabilities."
str-20082,clark construction,cost optimization,education,north america,mexico,mexico,2022-05-07,7983.45,unknown,efficiency,"clark construction announced a cost optimization in mexico, mexico, targeting infrastructure to leverage digital tools."
str-20083,jacobs,technology adoption,education,australia,australia,victoria,2024-12-19,3687.89,unknown,efficiency,"jacobs announced a technology adoption in victoria, australia, targeting commercial to expand globally."
str-20084,gilbane,digital transformation,education,europe,italy,italy,2021-04-16,7983.45,unknown,sustainability,"gilbane announced a digital transformation in italy, italy, targeting industrial to drive sustainability."
str-20085,china state construction,market expansion,industrial,north america,mexico,mexico,2025-02-17,5704.84,unknown,efficiency,"china state construction announced a market expansion in mexico, mexico, targeting healthcare to improve resilience."
str-20086,strabag,technology adoption,energy,australia,australia,queensland,2023-06-19,10609.89,unknown,efficiency,"strabag announced a technology adoption in queensland, australia, targeting commercial to enhance capabilities."
str-20087,bouygues,risk management,healthcare,africa,egypt,egypt,2021-11-07,7983.45,unknown,efficiency,"bouygues announced a risk management in egypt, egypt, targeting industrial to improve resilience."
str-20088,leighton asia,acquisition,healthcare,middle east,saudi arabia,saudi arabia,2025-01-18,10277.59,kajima corporation,growth,"leighton asia announced a acquisition in saudi arabia, saudi arabia, targeting education to capture market share."
str-20089,aecom,sustainability initiative,infrastructure,australia,australia,victoria,2024-03-23,7983.45,unknown,innovation,"aecom announced a sustainability initiative in victoria, australia, targeting utilities to improve resilience."
str-20090,china state construction,acquisition,utilities,north america,mexico,mexico,2023-06-03,4786.86,kajima corporation,growth,"china state construction announced a acquisition in mexico, mexico, targeting utilities to enhance capabilities."
str-20091,whiting-turner,cost optimization,infrastructure,asia-pacific,indonesia,indonesia,2023-12-24,7983.45,unknown,market leadership,"whiting-turner announced a cost optimization in indonesia, indonesia, targeting infrastructure to capture market share."
str-20092,china state construction,technology adoption,healthcare,australia,australia,western australia,2024-04-09,9983.74,unknown,efficiency,"china state construction announced a technology adoption in western australia, australia, targeting healthcare to drive sustainability."
str-20093,china state construction,workforce development,healthcare,africa,kenya,kenya,2024-10-07,7983.45,unknown,innovation,"china state construction announced a workforce development in kenya, kenya, targeting infrastructure to enhance capabilities."
str-20094,thiess,sustainability initiative,infrastructure,asia-pacific,malaysia,malaysia,2022-07-26,7983.45,unknown,market leadership,"thiess announced a sustainability initiative in malaysia, malaysia, targeting commercial to capture market share."
str-20095,kajima corporation,technology adoption,residential,north america,mexico,mexico,2021-10-01,7601.1,unknown,efficiency,"kajima corporation announced a technology adoption in mexico, mexico, targeting infrastructure to drive sustainability."
str-20096,jacobs,partnership,residential,europe,poland,poland,2020-08-23,7983.45,unknown,sustainability,"jacobs announced a partnership in poland, poland, targeting residential to improve resilience."
str-20097,gilbane,market expansion,energy,middle east,qatar,qatar,2021-12-26,14692.74,unknown,sustainability,"gilbane announced a market expansion in qatar, qatar, targeting utilities to enhance capabilities."
str-20098,vinci,risk management,education,australia,australia,victoria,2025-05-13,7983.45,unknown,innovation,"vinci announced a risk management in victoria, australia, targeting utilities to drive sustainability."
str-20099,strabag,acquisition,education,latin america,peru,peru,2021-12-16,7983.45,thiess,market leadership,"strabag announced a acquisition in peru, peru, targeting education to expand globally."
str-20100,leighton asia,workforce development,utilities,middle east,saudi arabia,saudi arabia,2021-01-27,7983.45,unknown,sustainability,"leighton asia announced a workforce development in saudi arabia, saudi arabia, targeting residential to expand globally."
str-20101,fluor,partnership,energy,asia-pacific,japan,japan,2021-11-03,7983.45,unknown,growth,"fluor announced a partnership in japan, japan, targeting commercial to capture market share."
str-20102,obayashi corporation,merger,residential,latin america,brazil,minas gerais,2023-04-01,3991.75,bechtel,market leadership,"obayashi corporation announced a merger in minas gerais, brazil, targeting energy to leverage digital tools."
str-20103,mortenson construction,workforce development,residential,north america,usa,washington,2021-07-09,7983.45,unknown,sustainability,"mortenson construction announced a workforce development in washington, usa, targeting education to leverage digital tools."
str-20104,laing o’rourke,technology adoption,energy,africa,egypt,egypt,2022-08-01,3212.76,unknown,sustainability,"laing o’rourke announced a technology adoption in egypt, egypt, targeting infrastructure to capture market share."
str-20105,samsung c&t,market expansion,commercial,latin america,colombia,colombia,2024-05-21,1030.22,unknown,sustainability,"samsung c&t announced a market expansion in colombia, colombia, targeting transportation to leverage digital tools."
str-20106,bouygues,cost optimization,industrial,asia-pacific,australia,queensland,2023-06-19,7983.45,unknown,growth,"bouygues announced a cost optimization in queensland, australia, targeting infrastructure to improve resilience."
str-20107,snc-lavalin,risk management,education,asia-pacific,china,guangdong,2023-09-06,7983.45,unknown,sustainability,"snc-lavalin announced a risk management in guangdong, china, targeting infrastructure to drive sustainability."
str-20108,obayashi corporation,merger,industrial,europe,netherlands,netherlands,2022-07-24,14129.35,acciona,sustainability,"obayashi corporation announced a merger in netherlands, netherlands, targeting utilities to enhance capabilities."
str-20109,mortenson construction,partnership,commercial,north america,usa,new york,2025-05-20,7983.45,unknown,sustainability,"mortenson construction announced a partnership in new york, usa, targeting utilities to drive sustainability."
str-20110,shimizu corporation,partnership,transportation,europe,italy,italy,2020-10-07,7983.45,unknown,sustainability,"shimizu corporation announced a partnership in italy, italy, targeting industrial to capture market share."
str-20111,bechtel,sustainability initiative,utilities,north america,usa,texas,2021-07-27,7983.45,unknown,growth,"bechtel announced a sustainability initiative in texas, usa, targeting utilities to capture market share."
str-20112,obayashi corporation,sustainability initiative,residential,africa,morocco,morocco,2024-07-12,7983.45,unknown,growth,"obayashi corporation announced a sustainability initiative in morocco, morocco, targeting infrastructure to expand globally."
str-20113,skanska,cost optimization,utilities,asia-pacific,china,shanghai,2024-02-16,7983.45,unknown,growth,"skanska announced a cost optimization in shanghai, china, targeting commercial to expand globally."
str-20114,pcl construction,technology adoption,utilities,north america,usa,texas,2023-05-26,3911.43,unknown,sustainability,"pcl construction announced a technology adoption in texas, usa, targeting education to drive sustainability."
str-20115,bouygues,workforce development,healthcare,latin america,chile,chile,2024-08-25,7983.45,unknown,growth,"bouygues announced a workforce development in chile, chile, targeting residential to enhance capabilities."
str-20116,mccarthy,acquisition,transportation,asia-pacific,singapore,singapore,2023-04-17,4789.78,fluor,sustainability,"mccarthy announced a acquisition in singapore, singapore, targeting residential to drive sustainability."
str-20117,leighton asia,acquisition,infrastructure,europe,sweden,sweden,2020-09-02,4004.48,obayashi corporation,sustainability,"leighton asia announced a acquisition in sweden, sweden, targeting education to enhance capabilities."
str-20118,hochtief,digital transformation,infrastructure,australia,australia,western australia,2023-12-09,7983.45,unknown,innovation,"hochtief announced a digital transformation in western australia, australia, targeting energy to drive sustainability."
str-20119,mortenson construction,market expansion,energy,asia-pacific,malaysia,malaysia,2022-04-03,10756.79,unknown,efficiency,"mortenson construction announced a market expansion in malaysia, malaysia, targeting commercial to enhance capabilities."
str-20120,bechtel,acquisition,utilities,asia-pacific,india,tamil nadu,2024-05-15,8466.9,ferrovial,sustainability,"bechtel announced a acquisition in tamil nadu, india, targeting infrastructure to enhance capabilities."
str-20121,samsung c&t,merger,residential,asia-pacific,indonesia,indonesia,2022-09-13,10739.29,jacobs,market leadership,"samsung c&t announced a merger in indonesia, indonesia, targeting commercial to drive sustainability."
str-20122,hochtief,market expansion,industrial,middle east,oman,oman,2021-04-18,439.88,unknown,growth,"hochtief announced a market expansion in oman, oman, targeting transportation to leverage digital tools."
str-20123,lendlease,partnership,transportation,europe,uk,northern ireland,2023-12-23,7983.45,unknown,innovation,"lendlease announced a partnership in northern ireland, uk, targeting industrial to drive sustainability."
str-20124,mace group,workforce development,education,australia,australia,queensland,2023-02-04,7983.45,unknown,sustainability,"mace group announced a workforce development in queensland, australia, targeting utilities to drive sustainability."
str-20125,lendlease,cost optimization,industrial,latin america,venezuela,venezuela,2023-06-10,7983.45,unknown,sustainability,"lendlease announced a cost optimization in venezuela, venezuela, targeting residential to drive sustainability."
str-20126,samsung c&t,acquisition,healthcare,asia-pacific,japan,japan,2024-06-25,5708.2,vinci,efficiency,"samsung c&t announced a acquisition in japan, japan, targeting utilities to leverage digital tools."
str-20127,larsen & toubro,partnership,energy,north america,mexico,mexico,2024-04-22,7983.45,unknown,growth,"larsen & toubro announced a partnership in mexico, mexico, targeting education to leverage digital tools."
str-20128,leighton asia,merger,healthcare,north america,canada,alberta,2024-08-26,544.45,balfour beatty,efficiency,"leighton asia announced a merger in alberta, canada, targeting utilities to enhance capabilities."
str-20129,kiewit,cost optimization,education,north america,usa,illinois,2021-10-31,7983.45,unknown,growth,"kiewit announced a cost optimization in illinois, usa, targeting utilities to enhance capabilities."
str-20130,salini impregilo,acquisition,utilities,australia,australia,victoria,2025-02-19,440.43,thiess,innovation,"salini impregilo announced a acquisition in victoria, australia, targeting infrastructure to capture market share."
str-20131,kiewit,merger,infrastructure,asia-pacific,singapore,singapore,2020-11-09,1782.4,mace group,growth,"kiewit announced a merger in singapore, singapore, targeting energy to expand globally."
str-20132,clark construction,partnership,transportation,asia-pacific,japan,japan,2021-08-05,7983.45,unknown,innovation,"clark construction announced a partnership in japan, japan, targeting utilities to capture market share."
str-20133,turner construction,workforce development,industrial,middle east,uae,uae,2024-10-06,7983.45,unknown,efficiency,"turner construction announced a workforce development in uae, uae, targeting industrial to capture market share."
str-20134,hochtief,risk management,commercial,europe,france,france,2020-08-02,7983.45,unknown,efficiency,"hochtief announced a risk management in france, france, targeting commercial to drive sustainability."
str-20135,ferrovial,partnership,industrial,asia-pacific,china,beijing,2024-01-30,7983.45,unknown,innovation,"ferrovial announced a partnership in beijing, china, targeting education to improve resilience."
str-20136,salini impregilo,acquisition,industrial,middle east,saudi arabia,saudi arabia,2021-02-03,14783.96,bechtel,sustainability,"salini impregilo announced a acquisition in saudi arabia, saudi arabia, targeting healthcare to leverage digital tools."
str-20137,lendlease,technology adoption,industrial,australia,australia,victoria,2021-04-01,13448.46,unknown,efficiency,"lendlease announced a technology adoption in victoria, australia, targeting energy to leverage digital tools."
str-20138,salini impregilo,acquisition,education,latin america,brazil,são paulo,2024-03-09,12378.54,kiewit,sustainability,"salini impregilo announced a acquisition in são paulo, brazil, targeting industrial to enhance capabilities."
str-20139,mortenson construction,cost optimization,education,north america,mexico,mexico,2023-01-11,7983.45,unknown,growth,"mortenson construction announced a cost optimization in mexico, mexico, targeting transportation to drive sustainability."
str-20140,larsen & toubro,partnership,energy,middle east,saudi arabia,saudi arabia,2021-03-15,7983.45,unknown,efficiency,"larsen & toubro announced a partnership in saudi arabia, saudi arabia, targeting healthcare to expand globally."
str-20141,kiewit,acquisition,commercial,latin america,peru,peru,2023-12-20,11337.93,john holland,innovation,"kiewit announced a acquisition in peru, peru, targeting industrial to leverage digital tools."
str-20142,bouygues,partnership,education,north america,usa,georgia,2024-11-10,7983.45,unknown,growth,"bouygues announced a partnership in georgia, usa, targeting commercial to expand globally."
str-20143,gilbane,merger,residential,middle east,kuwait,kuwait,2020-06-21,2829.06,fluor,market leadership,"gilbane announced a merger in kuwait, kuwait, targeting industrial to expand globally."
str-20144,acciona,risk management,industrial,australia,australia,new south wales,2020-12-23,7983.45,unknown,sustainability,"acciona announced a risk management in new south wales, australia, targeting infrastructure to expand globally."
str-20145,clark construction,risk management,healthcare,north america,mexico,mexico,2020-06-27,7983.45,unknown,growth,"clark construction announced a risk management in mexico, mexico, targeting infrastructure to improve resilience."
str-20146,vinci,merger,healthcare,middle east,qatar,qatar,2022-07-12,2845.22,salini impregilo,efficiency,"vinci announced a merger in qatar, qatar, targeting healthcare to expand globally."
str-20147,vinci,risk management,energy,asia-pacific,australia,victoria,2024-05-26,7983.45,unknown,sustainability,"vinci announced a risk management in victoria, australia, targeting industrial to expand globally."
str-20148,mace group,technology adoption,education,europe,netherlands,netherlands,2024-07-16,13578.33,unknown,innovation,"mace group announced a technology adoption in netherlands, netherlands, targeting transportation to improve resilience."
str-20149,pcl construction,acquisition,education,middle east,qatar,qatar,2020-12-26,11898.12,bouygues,efficiency,"pcl construction announced a acquisition in qatar, qatar, targeting industrial to improve resilience."
str-20150,balfour beatty,workforce development,industrial,north america,canada,alberta,2024-07-22,7983.45,unknown,growth,"balfour beatty announced a workforce development in alberta, canada, targeting industrial to drive sustainability."
str-20151,hyundai e&c,merger,healthcare,europe,france,france,2021-10-10,12439.52,hochtief,growth,"hyundai e&c announced a merger in france, france, targeting residential to improve resilience."
str-20152,bouygues,cost optimization,infrastructure,latin america,venezuela,venezuela,2025-04-26,7983.45,unknown,innovation,"bouygues announced a cost optimization in venezuela, venezuela, targeting commercial to enhance capabilities."
str-20153,pcl construction,sustainability initiative,transportation,north america,usa,texas,2022-06-19,7983.45,unknown,sustainability,"pcl construction announced a sustainability initiative in texas, usa, targeting education to drive sustainability."
str-20154,mace group,acquisition,infrastructure,north america,usa,california,2024-05-29,1546.12,bouygues,sustainability,"mace group announced a acquisition in california, usa, targeting education to capture market share."
str-20155,samsung c&t,workforce development,education,asia-pacific,australia,queensland,2022-08-06,7983.45,unknown,growth,"samsung c&t announced a workforce development in queensland, australia, targeting transportation to improve resilience."
str-20156,lendlease,merger,transportation,middle east,qatar,qatar,2024-12-28,8182.8,acciona,innovation,"lendlease announced a merger in qatar, qatar, targeting energy to leverage digital tools."
str-20157,aecom,partnership,education,australia,australia,victoria,2024-07-30,7983.45,unknown,innovation,"aecom announced a partnership in victoria, australia, targeting education to leverage digital tools."
str-20158,strabag,acquisition,education,africa,kenya,kenya,2022-05-30,13414.1,kajima corporation,growth,"strabag announced a acquisition in kenya, kenya, targeting residential to enhance capabilities."
str-20159,pcl construction,technology adoption,education,latin america,peru,peru,2022-09-11,6525.14,unknown,sustainability,"pcl construction announced a technology adoption in peru, peru, targeting education to leverage digital tools."
str-20160,skanska,digital transformation,education,australia,australia,queensland,2023-12-17,7983.45,unknown,growth,"skanska announced a digital transformation in queensland, australia, targeting energy to enhance capabilities."
str-20161,salini impregilo,technology adoption,infrastructure,asia-pacific,singapore,singapore,2023-03-15,811.8,unknown,growth,"salini impregilo announced a technology adoption in singapore, singapore, targeting education to drive sustainability."
str-20162,obayashi corporation,digital transformation,residential,europe,poland,poland,2022-05-25,7983.45,unknown,market leadership,"obayashi corporation announced a digital transformation in poland, poland, targeting commercial to improve resilience."
str-20163,clark construction,cost optimization,infrastructure,asia-pacific,india,tamil nadu,2021-07-15,7983.45,unknown,innovation,"clark construction announced a cost optimization in tamil nadu, india, targeting education to enhance capabilities."
str-20164,kiewit,merger,transportation,north america,mexico,mexico,2022-07-30,10607.53,whiting-turner,innovation,"kiewit announced a merger in mexico, mexico, targeting industrial to capture market share."
str-20165,kajima corporation,sustainability initiative,commercial,north america,canada,ontario,2022-12-29,7983.45,unknown,growth,"kajima corporation announced a sustainability initiative in ontario, canada, targeting healthcare to expand globally."
str-20166,turner construction,sustainability initiative,infrastructure,asia-pacific,australia,victoria,2023-05-17,7983.45,unknown,growth,"turner construction announced a sustainability initiative in victoria, australia, targeting energy to capture market share."
str-20167,gilbane,sustainability initiative,energy,europe,uk,northern ireland,2023-11-21,7983.45,unknown,efficiency,"gilbane announced a sustainability initiative in northern ireland, uk, targeting education to leverage digital tools."
str-20168,turner construction,technology adoption,industrial,africa,egypt,egypt,2022-04-23,5164.0,unknown,market leadership,"turner construction announced a technology adoption in egypt, egypt, targeting utilities to leverage digital tools."
str-20169,ferrovial,merger,commercial,asia-pacific,china,guangdong,2023-07-29,1710.49,salini impregilo,growth,"ferrovial announced a merger in guangdong, china, targeting infrastructure to expand globally."
str-20170,kiewit,workforce development,commercial,europe,germany,germany,2023-01-21,7983.45,unknown,innovation,"kiewit announced a workforce development in germany, germany, targeting residential to leverage digital tools."
str-20171,bechtel,sustainability initiative,healthcare,middle east,saudi arabia,saudi arabia,2020-06-17,7983.45,unknown,efficiency,"bechtel announced a sustainability initiative in saudi arabia, saudi arabia, targeting infrastructure to expand globally."
str-20172,ferrovial,acquisition,utilities,asia-pacific,malaysia,malaysia,2025-05-18,4882.49,gilbane,market leadership,"ferrovial announced a acquisition in malaysia, malaysia, targeting healthcare to enhance capabilities."
str-20173,turner construction,cost optimization,infrastructure,middle east,qatar,qatar,2021-10-18,7983.45,unknown,innovation,"turner construction announced a cost optimization in qatar, qatar, targeting transportation to improve resilience."
str-20174,kiewit,sustainability initiative,commercial,australia,australia,new south wales,2025-04-30,7983.45,unknown,growth,"kiewit announced a sustainability initiative in new south wales, australia, targeting education to expand globally."
str-20175,china state construction,risk management,transportation,africa,kenya,kenya,2024-07-22,7983.45,unknown,growth,"china state construction announced a risk management in kenya, kenya, targeting energy to improve resilience."
str-20176,hochtief,acquisition,transportation,middle east,qatar,qatar,2023-09-14,6693.15,ferrovial,innovation,"hochtief announced a acquisition in qatar, qatar, targeting infrastructure to capture market share."
str-20177,salini impregilo,sustainability initiative,transportation,africa,south africa,gauteng,2021-07-04,7983.45,unknown,growth,"salini impregilo announced a sustainability initiative in gauteng, south africa, targeting commercial to leverage digital tools."
str-20178,snc-lavalin,cost optimization,energy,asia-pacific,china,shanghai,2020-10-05,7983.45,unknown,efficiency,"snc-lavalin announced a cost optimization in shanghai, china, targeting transportation to expand globally."
str-20179,leighton asia,technology adoption,healthcare,australia,australia,western australia,2022-02-02,12736.82,unknown,growth,"leighton asia announced a technology adoption in western australia, australia, targeting transportation to leverage digital tools."
str-20180,gilbane,risk management,commercial,africa,egypt,egypt,2023-02-08,7983.45,unknown,sustainability,"gilbane announced a risk management in egypt, egypt, targeting residential to drive sustainability."
str-20181,thiess,market expansion,education,middle east,qatar,qatar,2024-12-01,437.31,unknown,sustainability,"thiess announced a market expansion in qatar, qatar, targeting residential to improve resilience."
str-20182,strabag,technology adoption,industrial,africa,nigeria,nigeria,2024-07-20,14271.08,unknown,sustainability,"strabag announced a technology adoption in nigeria, nigeria, targeting education to improve resilience."
str-20183,mccarthy,risk management,industrial,australia,australia,new south wales,2024-03-10,7983.45,unknown,sustainability,"mccarthy announced a risk management in new south wales, australia, targeting residential to leverage digital tools."
str-20184,china state construction,digital transformation,residential,australia,australia,queensland,2025-02-26,7983.45,unknown,sustainability,"china state construction announced a digital transformation in queensland, australia, targeting education to drive sustainability."
str-20185,shimizu corporation,partnership,education,africa,egypt,egypt,2022-09-23,7983.45,unknown,market leadership,"shimizu corporation announced a partnership in egypt, egypt, targeting energy to leverage digital tools."
str-20186,larsen & toubro,risk management,education,asia-pacific,japan,japan,2023-12-08,7983.45,unknown,market leadership,"larsen & toubro announced a risk management in japan, japan, targeting commercial to capture market share."
str-20187,shimizu corporation,partnership,commercial,asia-pacific,south korea,south korea,2023-09-04,7983.45,unknown,sustainability,"shimizu corporation announced a partnership in south korea, south korea, targeting energy to capture market share."
str-20188,laing o’rourke,merger,energy,middle east,qatar,qatar,2024-03-12,4517.23,china state construction,innovation,"laing o’rourke announced a merger in qatar, qatar, targeting industrial to improve resilience."
str-20189,jacobs,technology adoption,education,asia-pacific,malaysia,malaysia,2021-11-29,2273.38,unknown,efficiency,"jacobs announced a technology adoption in malaysia, malaysia, targeting energy to drive sustainability."
str-20190,jacobs,merger,commercial,africa,kenya,kenya,2025-03-09,9461.89,bechtel,growth,"jacobs announced a merger in kenya, kenya, targeting residential to enhance capabilities."
str-20191,hochtief,workforce development,education,asia-pacific,india,delhi,2025-02-02,7983.45,unknown,innovation,"hochtief announced a workforce development in delhi, india, targeting transportation to enhance capabilities."
str-20192,multiplex,workforce development,industrial,africa,nigeria,nigeria,2022-09-23,7983.45,unknown,sustainability,"multiplex announced a workforce development in nigeria, nigeria, targeting commercial to drive sustainability."
str-20193,mortenson construction,acquisition,residential,europe,france,france,2020-06-24,8083.07,whiting-turner,efficiency,"mortenson construction announced a acquisition in france, france, targeting healthcare to enhance capabilities."
str-20194,turner construction,risk management,infrastructure,africa,nigeria,nigeria,2024-09-20,7983.45,unknown,growth,"turner construction announced a risk management in nigeria, nigeria, targeting energy to improve resilience."
str-20195,bechtel,risk management,residential,africa,south africa,western cape,2025-01-13,7983.45,unknown,efficiency,"bechtel announced a risk management in western cape, south africa, targeting energy to expand globally."
str-20196,pcl construction,sustainability initiative,transportation,europe,france,france,2020-10-31,7983.45,unknown,innovation,"pcl construction announced a sustainability initiative in france, france, targeting industrial to capture market share."
str-20197,pcl construction,technology adoption,education,north america,mexico,mexico,2023-11-27,10962.84,unknown,market leadership,"pcl construction announced a technology adoption in mexico, mexico, targeting industrial to drive sustainability."
str-20198,multiplex,technology adoption,residential,africa,south africa,kwazulu-natal,2021-11-06,5393.18,unknown,sustainability,"multiplex announced a technology adoption in kwazulu-natal, south africa, targeting education to improve resilience."
str-20199,thiess,digital transformation,energy,europe,poland,poland,2022-07-15,7983.45,unknown,innovation,"thiess announced a digital transformation in poland, poland, targeting industrial to improve resilience."
str-20200,kajima corporation,sustainability initiative,energy,latin america,brazil,são paulo,2024-01-30,7983.45,unknown,innovation,"kajima corporation announced a sustainability initiative in são paulo, brazil, targeting infrastructure to expand globally."
str-20201,leighton asia,partnership,healthcare,north america,usa,texas,2020-08-12,7983.45,unknown,market leadership,"leighton asia announced a partnership in texas, usa, targeting industrial to enhance capabilities."
str-20202,acciona,digital transformation,education,middle east,oman,oman,2020-11-14,7983.45,unknown,market leadership,"acciona announced a digital transformation in oman, oman, targeting industrial to capture market share."
str-20203,whiting-turner,risk management,healthcare,middle east,uae,uae,2020-06-28,7983.45,unknown,sustainability,"whiting-turner announced a risk management in uae, uae, targeting energy to leverage digital tools."
str-20204,china state construction,market expansion,energy,asia-pacific,india,delhi,2023-08-03,10599.68,unknown,efficiency,"china state construction announced a market expansion in delhi, india, targeting energy to improve resilience."
str-20205,acciona,sustainability initiative,energy,north america,usa,washington,2022-12-19,7983.45,unknown,innovation,"acciona announced a sustainability initiative in washington, usa, targeting healthcare to capture market share."
str-20206,samsung c&t,technology adoption,energy,asia-pacific,australia,queensland,2022-09-30,6799.88,unknown,sustainability,"samsung c&t announced a technology adoption in queensland, australia, targeting commercial to capture market share."
str-20207,kiewit,market expansion,infrastructure,africa,egypt,egypt,2022-10-21,13114.01,unknown,sustainability,"kiewit announced a market expansion in egypt, egypt, targeting commercial to leverage digital tools."
str-20208,larsen & toubro,market expansion,utilities,middle east,uae,uae,2022-05-23,10106.01,unknown,sustainability,"larsen & toubro announced a market expansion in uae, uae, targeting residential to enhance capabilities."
str-20209,samsung c&t,digital transformation,infrastructure,latin america,argentina,argentina,2021-04-09,7983.45,unknown,sustainability,"samsung c&t announced a digital transformation in argentina, argentina, targeting industrial to capture market share."
str-20210,thiess,sustainability initiative,infrastructure,africa,algeria,algeria,2021-07-03,7983.45,unknown,market leadership,"thiess announced a sustainability initiative in algeria, algeria, targeting utilities to leverage digital tools."
str-20211,mortenson construction,workforce development,infrastructure,asia-pacific,singapore,singapore,2022-06-07,7983.45,unknown,sustainability,"mortenson construction announced a workforce development in singapore, singapore, targeting healthcare to drive sustainability."
str-20212,larsen & toubro,acquisition,residential,latin america,brazil,rio de janeiro,2023-12-15,2839.85,lendlease,growth,"larsen & toubro announced a acquisition in rio de janeiro, brazil, targeting healthcare to leverage digital tools."
str-20213,vinci,market expansion,residential,latin america,brazil,rio de janeiro,2021-11-05,11465.14,unknown,growth,"vinci announced a market expansion in rio de janeiro, brazil, targeting infrastructure to improve resilience."
str-20214,pcl construction,market expansion,utilities,north america,mexico,mexico,2023-11-04,3125.98,unknown,market leadership,"pcl construction announced a market expansion in mexico, mexico, targeting infrastructure to leverage digital tools."
str-20215,gilbane,cost optimization,industrial,africa,kenya,kenya,2025-03-29,7983.45,unknown,market leadership,"gilbane announced a cost optimization in kenya, kenya, targeting commercial to capture market share."
str-20216,acciona,partnership,education,middle east,uae,uae,2021-12-01,7983.45,unknown,sustainability,"acciona announced a partnership in uae, uae, targeting energy to expand globally."
str-20217,laing o’rourke,technology adoption,infrastructure,middle east,saudi arabia,saudi arabia,2024-01-20,8798.52,unknown,efficiency,"laing o’rourke announced a technology adoption in saudi arabia, saudi arabia, targeting residential to improve resilience."
str-20218,mace group,cost optimization,transportation,latin america,colombia,colombia,2022-07-27,7983.45,unknown,innovation,"mace group announced a cost optimization in colombia, colombia, targeting commercial to leverage digital tools."
str-20219,jacobs,workforce development,healthcare,australia,australia,victoria,2024-09-26,7983.45,unknown,market leadership,"jacobs announced a workforce development in victoria, australia, targeting healthcare to drive sustainability."
str-20220,mortenson construction,merger,industrial,middle east,oman,oman,2020-12-02,1035.78,dragados,market leadership,"mortenson construction announced a merger in oman, oman, targeting utilities to drive sustainability."
str-20221,saipem,cost optimization,commercial,africa,kenya,kenya,2021-06-06,7983.45,unknown,innovation,"saipem announced a cost optimization in kenya, kenya, targeting education to enhance capabilities."
str-20222,clark construction,market expansion,transportation,asia-pacific,china,beijing,2021-10-01,10791.83,unknown,efficiency,"clark construction announced a market expansion in beijing, china, targeting transportation to improve resilience."
str-20223,salini impregilo,market expansion,education,asia-pacific,australia,western australia,2023-02-09,14494.29,unknown,market leadership,"salini impregilo announced a market expansion in western australia, australia, targeting healthcare to drive sustainability."
str-20224,john holland,workforce development,infrastructure,africa,kenya,kenya,2025-02-03,7983.45,unknown,growth,"john holland announced a workforce development in kenya, kenya, targeting education to improve resilience."
str-20225,acciona,risk management,energy,africa,egypt,egypt,2024-11-24,7983.45,unknown,efficiency,"acciona announced a risk management in egypt, egypt, targeting education to enhance capabilities."
str-20226,fluor,risk management,energy,asia-pacific,singapore,singapore,2020-09-24,7983.45,unknown,market leadership,"fluor announced a risk management in singapore, singapore, targeting commercial to expand globally."
str-20227,turner construction,merger,utilities,australia,australia,new south wales,2024-05-04,2956.03,ferrovial,sustainability,"turner construction announced a merger in new south wales, australia, targeting energy to capture market share."
str-20228,kajima corporation,cost optimization,commercial,middle east,qatar,qatar,2022-06-09,7983.45,unknown,growth,"kajima corporation announced a cost optimization in qatar, qatar, targeting energy to expand globally."
str-20229,laing o’rourke,market expansion,transportation,asia-pacific,india,karnataka,2025-04-18,1092.17,unknown,efficiency,"laing o’rourke announced a market expansion in karnataka, india, targeting commercial to enhance capabilities."
str-20230,acciona,market expansion,commercial,europe,sweden,sweden,2022-03-23,8869.44,unknown,growth,"acciona announced a market expansion in sweden, sweden, targeting healthcare to improve resilience."
str-20231,saipem,digital transformation,transportation,latin america,colombia,colombia,2021-12-04,7983.45,unknown,innovation,"saipem announced a digital transformation in colombia, colombia, targeting utilities to enhance capabilities."
str-20232,mortenson construction,digital transformation,industrial,middle east,saudi arabia,saudi arabia,2020-09-20,7983.45,unknown,innovation,"mortenson construction announced a digital transformation in saudi arabia, saudi arabia, targeting commercial to improve resilience."
str-20233,mace group,market expansion,healthcare,latin america,brazil,são paulo,2020-10-26,13330.06,unknown,efficiency,"mace group announced a market expansion in são paulo, brazil, targeting utilities to leverage digital tools."
str-20234,saipem,acquisition,transportation,asia-pacific,china,shanghai,2022-06-28,4320.01,gilbane,efficiency,"saipem announced a acquisition in shanghai, china, targeting residential to leverage digital tools."
str-20235,laing o’rourke,risk management,healthcare,middle east,qatar,qatar,2024-10-21,7983.45,unknown,innovation,"laing o’rourke announced a risk management in qatar, qatar, targeting infrastructure to leverage digital tools."
str-20236,bam group,acquisition,residential,asia-pacific,indonesia,indonesia,2024-04-24,11982.31,skanska,efficiency,"bam group announced a acquisition in indonesia, indonesia, targeting commercial to expand globally."
str-20237,mortenson construction,digital transformation,utilities,australia,australia,victoria,2021-01-22,7983.45,unknown,efficiency,"mortenson construction announced a digital transformation in victoria, australia, targeting energy to drive sustainability."
str-20238,mortenson construction,digital transformation,energy,africa,morocco,morocco,2023-12-07,7983.45,unknown,innovation,"mortenson construction announced a digital transformation in morocco, morocco, targeting healthcare to enhance capabilities."
str-20239,turner construction,acquisition,transportation,middle east,oman,oman,2021-04-19,10707.87,ferrovial,innovation,"turner construction announced a acquisition in oman, oman, targeting healthcare to enhance capabilities."
str-20240,hochtief,sustainability initiative,infrastructure,middle east,uae,uae,2024-05-08,7983.45,unknown,efficiency,"hochtief announced a sustainability initiative in uae, uae, targeting energy to improve resilience."
str-20241,bam group,workforce development,residential,asia-pacific,singapore,singapore,2022-12-22,7983.45,unknown,innovation,"bam group announced a workforce development in singapore, singapore, targeting commercial to expand globally."
str-20242,shimizu corporation,risk management,commercial,north america,mexico,mexico,2023-01-27,7983.45,unknown,market leadership,"shimizu corporation announced a risk management in mexico, mexico, targeting education to enhance capabilities."
str-20243,salini impregilo,acquisition,commercial,latin america,colombia,colombia,2021-11-02,12408.59,skanska,sustainability,"salini impregilo announced a acquisition in colombia, colombia, targeting industrial to expand globally."
str-20244,hochtief,acquisition,healthcare,australia,australia,queensland,2023-10-17,5286.34,aecom,innovation,"hochtief announced a acquisition in queensland, australia, targeting transportation to improve resilience."
str-20245,bechtel,market expansion,education,latin america,chile,chile,2022-02-19,8890.58,unknown,market leadership,"bechtel announced a market expansion in chile, chile, targeting residential to expand globally."
str-20246,thiess,merger,education,middle east,qatar,qatar,2023-02-11,9451.81,lendlease,sustainability,"thiess announced a merger in qatar, qatar, targeting energy to enhance capabilities."
str-20247,snc-lavalin,cost optimization,infrastructure,north america,canada,british columbia,2023-03-03,7983.45,unknown,efficiency,"snc-lavalin announced a cost optimization in british columbia, canada, targeting healthcare to capture market share."
str-20248,hochtief,cost optimization,commercial,asia-pacific,china,guangdong,2021-08-03,7983.45,unknown,innovation,"hochtief announced a cost optimization in guangdong, china, targeting education to leverage digital tools."
str-20249,strabag,partnership,residential,latin america,colombia,colombia,2021-06-04,7983.45,unknown,innovation,"strabag announced a partnership in colombia, colombia, targeting transportation to drive sustainability."
str-20250,mccarthy,risk management,healthcare,australia,australia,queensland,2022-01-27,7983.45,unknown,efficiency,"mccarthy announced a risk management in queensland, australia, targeting commercial to improve resilience."
str-20251,bouygues,workforce development,transportation,africa,algeria,algeria,2021-06-19,7983.45,unknown,efficiency,"bouygues announced a workforce development in algeria, algeria, targeting education to expand globally."
str-20252,samsung c&t,partnership,energy,latin america,colombia,colombia,2022-09-06,7983.45,unknown,growth,"samsung c&t announced a partnership in colombia, colombia, targeting healthcare to expand globally."
str-20253,balfour beatty,workforce development,transportation,australia,australia,new south wales,2023-03-24,7983.45,unknown,innovation,"balfour beatty announced a workforce development in new south wales, australia, targeting energy to drive sustainability."
str-20254,dragados,technology adoption,education,asia-pacific,malaysia,malaysia,2023-05-30,5287.01,unknown,sustainability,"dragados announced a technology adoption in malaysia, malaysia, targeting utilities to expand globally."
str-20255,balfour beatty,technology adoption,commercial,australia,australia,western australia,2024-11-03,14005.2,unknown,sustainability,"balfour beatty announced a technology adoption in western australia, australia, targeting industrial to leverage digital tools."
str-20256,bouygues,workforce development,healthcare,latin america,argentina,argentina,2024-10-12,7983.45,unknown,sustainability,"bouygues announced a workforce development in argentina, argentina, targeting industrial to capture market share."
str-20257,cpb contractors,risk management,education,europe,italy,italy,2022-01-06,7983.45,unknown,innovation,"cpb contractors announced a risk management in italy, italy, targeting utilities to improve resilience."
str-20258,kajima corporation,merger,energy,australia,australia,victoria,2023-01-08,5513.03,jacobs,growth,"kajima corporation announced a merger in victoria, australia, targeting transportation to leverage digital tools."
str-20259,fluor,technology adoption,infrastructure,north america,canada,british columbia,2021-08-13,4150.6,unknown,growth,"fluor announced a technology adoption in british columbia, canada, targeting education to leverage digital tools."
str-20260,mccarthy,merger,residential,europe,uk,wales,2025-01-06,7000.4,shimizu corporation,sustainability,"mccarthy announced a merger in wales, uk, targeting utilities to leverage digital tools."
str-20261,thiess,cost optimization,utilities,africa,algeria,algeria,2021-06-27,7983.45,unknown,growth,"thiess announced a cost optimization in algeria, algeria, targeting industrial to improve resilience."
str-20262,aecom,cost optimization,utilities,middle east,qatar,qatar,2025-01-07,7983.45,unknown,innovation,"aecom announced a cost optimization in qatar, qatar, targeting commercial to drive sustainability."
str-20263,salini impregilo,cost optimization,industrial,asia-pacific,indonesia,indonesia,2024-02-21,7983.45,unknown,innovation,"salini impregilo announced a cost optimization in indonesia, indonesia, targeting transportation to improve resilience."
str-20264,bechtel,technology adoption,education,latin america,chile,chile,2024-09-18,12623.73,unknown,market leadership,"bechtel announced a technology adoption in chile, chile, targeting utilities to capture market share."
str-20265,bouygues,risk management,utilities,africa,kenya,kenya,2020-08-12,7983.45,unknown,innovation,"bouygues announced a risk management in kenya, kenya, targeting education to expand globally."
str-20266,ferrovial,cost optimization,infrastructure,north america,mexico,mexico,2020-09-16,7983.45,unknown,market leadership,"ferrovial announced a cost optimization in mexico, mexico, targeting industrial to capture market share."
str-20267,skanska,market expansion,residential,middle east,oman,oman,2021-05-30,8209.38,unknown,sustainability,"skanska announced a market expansion in oman, oman, targeting education to drive sustainability."
str-20268,thiess,merger,commercial,asia-pacific,south korea,south korea,2021-01-17,14992.66,clark construction,growth,"thiess announced a merger in south korea, south korea, targeting infrastructure to improve resilience."
str-20269,strabag,sustainability initiative,energy,latin america,colombia,colombia,2022-12-07,7983.45,unknown,efficiency,"strabag announced a sustainability initiative in colombia, colombia, targeting transportation to capture market share."
str-20270,saipem,market expansion,infrastructure,australia,australia,queensland,2021-06-04,14081.22,unknown,sustainability,"saipem announced a market expansion in queensland, australia, targeting commercial to capture market share."
str-20271,leighton asia,workforce development,infrastructure,europe,spain,spain,2021-10-19,7983.45,unknown,sustainability,"leighton asia announced a workforce development in spain, spain, targeting energy to improve resilience."
str-20272,jacobs,sustainability initiative,energy,north america,usa,texas,2021-11-05,7983.45,unknown,efficiency,"jacobs announced a sustainability initiative in texas, usa, targeting industrial to expand globally."
str-20273,mortenson construction,sustainability initiative,education,africa,algeria,algeria,2023-04-15,7983.45,unknown,innovation,"mortenson construction announced a sustainability initiative in algeria, algeria, targeting utilities to enhance capabilities."
str-20274,balfour beatty,risk management,transportation,north america,usa,washington,2024-10-12,7983.45,unknown,sustainability,"balfour beatty announced a risk management in washington, usa, targeting residential to capture market share."
str-20275,fluor,sustainability initiative,transportation,north america,canada,quebec,2021-11-17,7983.45,unknown,efficiency,"fluor announced a sustainability initiative in quebec, canada, targeting industrial to capture market share."
str-20276,mortenson construction,market expansion,transportation,africa,nigeria,nigeria,2022-08-24,5773.33,unknown,market leadership,"mortenson construction announced a market expansion in nigeria, nigeria, targeting industrial to drive sustainability."
str-20277,acciona,merger,infrastructure,australia,australia,new south wales,2023-11-02,14440.62,mace group,growth,"acciona announced a merger in new south wales, australia, targeting healthcare to expand globally."
str-20278,acciona,technology adoption,utilities,australia,australia,queensland,2020-11-19,10356.34,unknown,efficiency,"acciona announced a technology adoption in queensland, australia, targeting industrial to expand globally."
str-20279,laing o’rourke,workforce development,infrastructure,asia-pacific,china,jiangsu,2023-09-02,7983.45,unknown,growth,"laing o’rourke announced a workforce development in jiangsu, china, targeting infrastructure to enhance capabilities."
str-20280,bam group,risk management,commercial,africa,nigeria,nigeria,2024-04-12,7983.45,unknown,sustainability,"bam group announced a risk management in nigeria, nigeria, targeting infrastructure to improve resilience."
str-20281,larsen & toubro,partnership,transportation,middle east,uae,uae,2024-12-10,7983.45,unknown,efficiency,"larsen & toubro announced a partnership in uae, uae, targeting commercial to expand globally."
str-20282,ferrovial,risk management,utilities,asia-pacific,china,jiangsu,2023-05-11,7983.45,unknown,market leadership,"ferrovial announced a risk management in jiangsu, china, targeting industrial to capture market share."
str-20283,ferrovial,cost optimization,industrial,asia-pacific,china,beijing,2022-01-02,7983.45,unknown,sustainability,"ferrovial announced a cost optimization in beijing, china, targeting infrastructure to enhance capabilities."
str-20284,leighton asia,acquisition,commercial,middle east,kuwait,kuwait,2023-01-17,10645.14,multiplex,efficiency,"leighton asia announced a acquisition in kuwait, kuwait, targeting education to capture market share."
str-20285,mccarthy,merger,healthcare,north america,mexico,mexico,2020-11-27,11006.39,bam group,innovation,"mccarthy announced a merger in mexico, mexico, targeting residential to improve resilience."
str-20286,skanska,acquisition,utilities,europe,poland,poland,2023-04-12,1260.15,kajima corporation,sustainability,"skanska announced a acquisition in poland, poland, targeting residential to drive sustainability."
str-20287,kajima corporation,digital transformation,industrial,asia-pacific,malaysia,malaysia,2020-06-09,7983.45,unknown,sustainability,"kajima corporation announced a digital transformation in malaysia, malaysia, targeting commercial to expand globally."
str-20288,multiplex,digital transformation,healthcare,australia,australia,queensland,2021-09-12,7983.45,unknown,market leadership,"multiplex announced a digital transformation in queensland, australia, targeting residential to capture market share."
str-20289,bechtel,partnership,industrial,africa,kenya,kenya,2021-03-18,7983.45,unknown,sustainability,"bechtel announced a partnership in kenya, kenya, targeting utilities to improve resilience."
str-20290,salini impregilo,risk management,commercial,north america,canada,ontario,2024-06-11,7983.45,unknown,sustainability,"salini impregilo announced a risk management in ontario, canada, targeting commercial to capture market share."
str-20291,aecom,market expansion,commercial,australia,australia,queensland,2022-05-07,10153.6,unknown,growth,"aecom announced a market expansion in queensland, australia, targeting residential to enhance capabilities."
str-20292,kiewit,merger,transportation,asia-pacific,indonesia,indonesia,2022-11-10,832.22,aecom,efficiency,"kiewit announced a merger in indonesia, indonesia, targeting industrial to expand globally."
str-20293,dragados,sustainability initiative,residential,north america,mexico,mexico,2024-11-11,7983.45,unknown,sustainability,"dragados announced a sustainability initiative in mexico, mexico, targeting utilities to expand globally."
str-20294,bechtel,digital transformation,industrial,latin america,venezuela,venezuela,2024-09-11,7983.45,unknown,growth,"bechtel announced a digital transformation in venezuela, venezuela, targeting transportation to enhance capabilities."
str-20295,thiess,technology adoption,energy,asia-pacific,singapore,singapore,2021-05-04,5473.75,unknown,market leadership,"thiess announced a technology adoption in singapore, singapore, targeting infrastructure to enhance capabilities."
str-20296,bam group,digital transformation,energy,middle east,uae,uae,2023-05-26,7983.45,unknown,efficiency,"bam group announced a digital transformation in uae, uae, targeting healthcare to enhance capabilities."
str-20297,hochtief,market expansion,energy,europe,netherlands,netherlands,2024-09-04,8906.58,unknown,market leadership,"hochtief announced a market expansion in netherlands, netherlands, targeting infrastructure to expand globally."
str-20298,hochtief,merger,commercial,latin america,venezuela,venezuela,2023-11-07,14828.16,acciona,sustainability,"hochtief announced a merger in venezuela, venezuela, targeting commercial to leverage digital tools."
str-20299,kajima corporation,partnership,transportation,latin america,brazil,minas gerais,2021-09-05,7983.45,unknown,sustainability,"kajima corporation announced a partnership in minas gerais, brazil, targeting infrastructure to expand globally."
str-20300,bouygues,workforce development,residential,middle east,oman,oman,2023-01-17,7983.45,unknown,efficiency,"bouygues announced a workforce development in oman, oman, targeting healthcare to capture market share."
str-20301,balfour beatty,market expansion,energy,australia,australia,western australia,2022-04-08,86.98,unknown,growth,"balfour beatty announced a market expansion in western australia, australia, targeting commercial to improve resilience."
str-20302,john holland,partnership,residential,africa,egypt,egypt,2021-05-15,7983.45,unknown,innovation,"john holland announced a partnership in egypt, egypt, targeting utilities to capture market share."
str-20303,bouygues,market expansion,education,north america,usa,illinois,2023-09-27,5550.97,unknown,growth,"bouygues announced a market expansion in illinois, usa, targeting industrial to leverage digital tools."
str-20304,hyundai e&c,risk management,energy,north america,mexico,mexico,2022-12-31,7983.45,unknown,growth,"hyundai e&c announced a risk management in mexico, mexico, targeting energy to capture market share."
str-20305,mace group,cost optimization,commercial,asia-pacific,japan,japan,2022-10-04,7983.45,unknown,growth,"mace group announced a cost optimization in japan, japan, targeting commercial to enhance capabilities."
str-20306,cpb contractors,workforce development,energy,latin america,brazil,minas gerais,2021-10-15,7983.45,unknown,market leadership,"cpb contractors announced a workforce development in minas gerais, brazil, targeting healthcare to enhance capabilities."
str-20307,snc-lavalin,merger,energy,asia-pacific,south korea,south korea,2021-04-26,7637.4,turner construction,growth,"snc-lavalin announced a merger in south korea, south korea, targeting industrial to expand globally."
str-20308,john holland,workforce development,commercial,latin america,brazil,são paulo,2022-07-03,7983.45,unknown,growth,"john holland announced a workforce development in são paulo, brazil, targeting utilities to enhance capabilities."
str-20309,china state construction,digital transformation,residential,europe,spain,spain,2021-04-03,7983.45,unknown,market leadership,"china state construction announced a digital transformation in spain, spain, targeting energy to improve resilience."
str-20310,snc-lavalin,digital transformation,infrastructure,middle east,uae,uae,2023-06-14,7983.45,unknown,sustainability,"snc-lavalin announced a digital transformation in uae, uae, targeting energy to capture market share."
str-20311,strabag,acquisition,energy,australia,australia,new south wales,2024-02-25,1869.93,bechtel,sustainability,"strabag announced a acquisition in new south wales, australia, targeting industrial to drive sustainability."
str-20312,leighton asia,cost optimization,utilities,africa,nigeria,nigeria,2020-12-18,7983.45,unknown,innovation,"leighton asia announced a cost optimization in nigeria, nigeria, targeting transportation to expand globally."
str-20313,laing o’rourke,cost optimization,industrial,asia-pacific,japan,japan,2024-01-21,7983.45,unknown,market leadership,"laing o’rourke announced a cost optimization in japan, japan, targeting industrial to leverage digital tools."
str-20314,hyundai e&c,partnership,utilities,europe,spain,spain,2021-04-16,7983.45,unknown,sustainability,"hyundai e&c announced a partnership in spain, spain, targeting transportation to improve resilience."
str-20315,john holland,workforce development,transportation,europe,sweden,sweden,2022-02-18,7983.45,unknown,growth,"john holland announced a workforce development in sweden, sweden, targeting industrial to leverage digital tools."
str-20316,acciona,workforce development,industrial,asia-pacific,singapore,singapore,2022-12-16,7983.45,unknown,sustainability,"acciona announced a workforce development in singapore, singapore, targeting infrastructure to expand globally."
str-20317,skanska,merger,industrial,australia,australia,queensland,2021-06-07,10824.36,balfour beatty,market leadership,"skanska announced a merger in queensland, australia, targeting industrial to improve resilience."
str-20318,bouygues,risk management,infrastructure,europe,sweden,sweden,2023-07-28,7983.45,unknown,sustainability,"bouygues announced a risk management in sweden, sweden, targeting infrastructure to drive sustainability."
str-20319,mace group,technology adoption,energy,africa,south africa,gauteng,2024-07-10,7420.54,unknown,efficiency,"mace group announced a technology adoption in gauteng, south africa, targeting residential to enhance capabilities."
str-20320,kiewit,risk management,healthcare,africa,morocco,morocco,2022-05-02,7983.45,unknown,efficiency,"kiewit announced a risk management in morocco, morocco, targeting utilities to expand globally."
str-20321,fluor,risk management,industrial,latin america,brazil,são paulo,2024-03-07,7983.45,unknown,market leadership,"fluor announced a risk management in são paulo, brazil, targeting infrastructure to enhance capabilities."
str-20322,skanska,market expansion,education,asia-pacific,singapore,singapore,2023-04-26,9203.97,unknown,sustainability,"skanska announced a market expansion in singapore, singapore, targeting healthcare to capture market share."
str-20323,turner construction,technology adoption,residential,africa,algeria,algeria,2022-04-01,5245.96,unknown,innovation,"turner construction announced a technology adoption in algeria, algeria, targeting transportation to enhance capabilities."
str-20324,mccarthy,merger,utilities,africa,south africa,western cape,2023-01-23,8328.51,mccarthy,market leadership,"mccarthy announced a merger in western cape, south africa, targeting commercial to leverage digital tools."
str-20325,whiting-turner,digital transformation,education,north america,usa,florida,2021-11-11,7983.45,unknown,growth,"whiting-turner announced a digital transformation in florida, usa, targeting education to drive sustainability."
str-20326,vinci,acquisition,industrial,middle east,qatar,qatar,2024-09-01,11867.99,acciona,innovation,"vinci announced a acquisition in qatar, qatar, targeting utilities to improve resilience."
str-20327,kiewit,technology adoption,healthcare,africa,nigeria,nigeria,2020-10-13,4492.01,unknown,market leadership,"kiewit announced a technology adoption in nigeria, nigeria, targeting transportation to expand globally."
str-20328,kiewit,sustainability initiative,utilities,europe,italy,italy,2024-08-21,7983.45,unknown,efficiency,"kiewit announced a sustainability initiative in italy, italy, targeting energy to leverage digital tools."
str-20329,kajima corporation,sustainability initiative,energy,asia-pacific,china,shanghai,2022-07-28,7983.45,unknown,market leadership,"kajima corporation announced a sustainability initiative in shanghai, china, targeting residential to drive sustainability."
str-20330,aecom,workforce development,transportation,africa,kenya,kenya,2021-06-12,7983.45,unknown,efficiency,"aecom announced a workforce development in kenya, kenya, targeting education to enhance capabilities."
str-20331,mortenson construction,risk management,industrial,asia-pacific,india,karnataka,2020-10-31,7983.45,unknown,market leadership,"mortenson construction announced a risk management in karnataka, india, targeting transportation to capture market share."
str-20332,saipem,digital transformation,education,north america,mexico,mexico,2024-08-06,7983.45,unknown,market leadership,"saipem announced a digital transformation in mexico, mexico, targeting industrial to expand globally."
str-20333,shimizu corporation,cost optimization,healthcare,europe,france,france,2022-05-21,7983.45,unknown,growth,"shimizu corporation announced a cost optimization in france, france, targeting healthcare to expand globally."
str-20334,lendlease,sustainability initiative,infrastructure,asia-pacific,malaysia,malaysia,2020-07-01,7983.45,unknown,market leadership,"lendlease announced a sustainability initiative in malaysia, malaysia, targeting transportation to leverage digital tools."
str-20335,skanska,workforce development,residential,north america,mexico,mexico,2022-10-20,7983.45,unknown,efficiency,"skanska announced a workforce development in mexico, mexico, targeting utilities to expand globally."
str-20336,pcl construction,technology adoption,healthcare,australia,australia,victoria,2022-09-26,8734.36,unknown,growth,"pcl construction announced a technology adoption in victoria, australia, targeting energy to leverage digital tools."
str-20337,ferrovial,workforce development,infrastructure,north america,mexico,mexico,2021-04-14,7983.45,unknown,market leadership,"ferrovial announced a workforce development in mexico, mexico, targeting infrastructure to leverage digital tools."
str-20338,mace group,market expansion,commercial,middle east,saudi arabia,saudi arabia,2022-03-21,14454.35,unknown,efficiency,"mace group announced a market expansion in saudi arabia, saudi arabia, targeting utilities to leverage digital tools."
str-20339,ferrovial,partnership,residential,latin america,colombia,colombia,2020-06-06,7983.45,unknown,efficiency,"ferrovial announced a partnership in colombia, colombia, targeting residential to improve resilience."
str-20340,fluor,sustainability initiative,industrial,europe,sweden,sweden,2020-10-23,7983.45,unknown,growth,"fluor announced a sustainability initiative in sweden, sweden, targeting infrastructure to improve resilience."
str-20341,pcl construction,market expansion,healthcare,australia,australia,queensland,2021-11-30,3070.78,unknown,market leadership,"pcl construction announced a market expansion in queensland, australia, targeting education to enhance capabilities."
str-20342,gilbane,merger,energy,australia,australia,victoria,2021-01-06,1842.34,gilbane,innovation,"gilbane announced a merger in victoria, australia, targeting education to improve resilience."
str-20343,skanska,merger,energy,africa,morocco,morocco,2021-11-20,2458.07,skanska,innovation,"skanska announced a merger in morocco, morocco, targeting transportation to enhance capabilities."
str-20344,clark construction,workforce development,commercial,middle east,qatar,qatar,2023-05-16,7983.45,unknown,growth,"clark construction announced a workforce development in qatar, qatar, targeting industrial to improve resilience."
str-20345,larsen & toubro,risk management,healthcare,asia-pacific,singapore,singapore,2020-11-08,7983.45,unknown,market leadership,"larsen & toubro announced a risk management in singapore, singapore, targeting residential to leverage digital tools."
str-20346,kajima corporation,technology adoption,utilities,middle east,kuwait,kuwait,2020-07-02,6885.12,unknown,growth,"kajima corporation announced a technology adoption in kuwait, kuwait, targeting education to leverage digital tools."
str-20347,kajima corporation,workforce development,industrial,australia,australia,new south wales,2024-03-17,7983.45,unknown,efficiency,"kajima corporation announced a workforce development in new south wales, australia, targeting education to drive sustainability."
str-20348,saipem,market expansion,education,asia-pacific,singapore,singapore,2023-02-05,12846.51,unknown,market leadership,"saipem announced a market expansion in singapore, singapore, targeting utilities to drive sustainability."
str-20349,laing o’rourke,market expansion,utilities,africa,kenya,kenya,2022-01-16,14455.14,unknown,growth,"laing o’rourke announced a market expansion in kenya, kenya, targeting education to capture market share."
str-20350,cpb contractors,partnership,commercial,north america,canada,british columbia,2022-03-09,7983.45,unknown,market leadership,"cpb contractors announced a partnership in british columbia, canada, targeting healthcare to drive sustainability."
str-20351,china state construction,market expansion,utilities,north america,mexico,mexico,2025-03-26,6167.06,unknown,sustainability,"china state construction announced a market expansion in mexico, mexico, targeting energy to enhance capabilities."
str-20352,thiess,workforce development,commercial,asia-pacific,australia,queensland,2024-12-22,7983.45,unknown,growth,"thiess announced a workforce development in queensland, australia, targeting transportation to improve resilience."
str-20353,laing o’rourke,risk management,industrial,north america,canada,ontario,2024-01-02,7983.45,unknown,market leadership,"laing o’rourke announced a risk management in ontario, canada, targeting utilities to improve resilience."
str-20354,jacobs,workforce development,energy,middle east,qatar,qatar,2024-06-04,7983.45,unknown,efficiency,"jacobs announced a workforce development in qatar, qatar, targeting commercial to improve resilience."
str-20355,hyundai e&c,workforce development,energy,latin america,chile,chile,2025-01-16,7983.45,unknown,growth,"hyundai e&c announced a workforce development in chile, chile, targeting commercial to capture market share."
str-20356,skanska,workforce development,industrial,australia,australia,new south wales,2023-03-01,7983.45,unknown,growth,"skanska announced a workforce development in new south wales, australia, targeting transportation to leverage digital tools."
str-20357,mace group,market expansion,utilities,africa,kenya,kenya,2022-06-13,14954.43,unknown,efficiency,"mace group announced a market expansion in kenya, kenya, targeting residential to improve resilience."
str-20358,john holland,acquisition,residential,australia,australia,new south wales,2020-12-05,6260.3,clark construction,sustainability,"john holland announced a acquisition in new south wales, australia, targeting energy to leverage digital tools."
str-20359,thiess,risk management,industrial,asia-pacific,singapore,singapore,2021-05-07,7983.45,unknown,market leadership,"thiess announced a risk management in singapore, singapore, targeting infrastructure to drive sustainability."
str-20360,pcl construction,sustainability initiative,energy,africa,morocco,morocco,2023-04-30,7983.45,unknown,sustainability,"pcl construction announced a sustainability initiative in morocco, morocco, targeting education to expand globally."
str-20361,ferrovial,cost optimization,transportation,latin america,colombia,colombia,2022-12-07,7983.45,unknown,innovation,"ferrovial announced a cost optimization in colombia, colombia, targeting infrastructure to improve resilience."
str-20362,pcl construction,market expansion,residential,latin america,argentina,argentina,2025-02-21,13737.3,unknown,efficiency,"pcl construction announced a market expansion in argentina, argentina, targeting commercial to expand globally."
str-20363,strabag,merger,utilities,africa,egypt,egypt,2023-01-30,14031.26,kajima corporation,innovation,"strabag announced a merger in egypt, egypt, targeting transportation to leverage digital tools."
str-20364,multiplex,technology adoption,energy,north america,canada,british columbia,2023-10-06,11592.2,unknown,efficiency,"multiplex announced a technology adoption in british columbia, canada, targeting industrial to expand globally."
str-20365,aecom,merger,utilities,middle east,saudi arabia,saudi arabia,2025-04-12,7151.31,mortenson construction,market leadership,"aecom announced a merger in saudi arabia, saudi arabia, targeting infrastructure to enhance capabilities."
str-20366,bouygues,digital transformation,utilities,africa,nigeria,nigeria,2023-07-03,7983.45,unknown,market leadership,"bouygues announced a digital transformation in nigeria, nigeria, targeting transportation to enhance capabilities."
str-20367,turner construction,cost optimization,utilities,middle east,uae,uae,2022-07-27,7983.45,unknown,growth,"turner construction announced a cost optimization in uae, uae, targeting industrial to drive sustainability."
str-20368,laing o’rourke,merger,commercial,asia-pacific,india,delhi,2020-07-02,10784.06,mace group,innovation,"laing o’rourke announced a merger in delhi, india, targeting utilities to improve resilience."
str-20369,salini impregilo,risk management,education,africa,egypt,egypt,2023-05-21,7983.45,unknown,efficiency,"salini impregilo announced a risk management in egypt, egypt, targeting healthcare to improve resilience."
str-20370,laing o’rourke,merger,healthcare,australia,australia,victoria,2023-09-03,11018.2,snc-lavalin,growth,"laing o’rourke announced a merger in victoria, australia, targeting commercial to improve resilience."
str-20371,pcl construction,market expansion,energy,australia,australia,new south wales,2024-02-07,1531.83,unknown,growth,"pcl construction announced a market expansion in new south wales, australia, targeting industrial to expand globally."
str-20372,john holland,partnership,transportation,australia,australia,new south wales,2020-06-05,7983.45,unknown,efficiency,"john holland announced a partnership in new south wales, australia, targeting healthcare to leverage digital tools."
str-20373,ferrovial,merger,commercial,latin america,argentina,argentina,2025-05-22,2414.26,fluor,efficiency,"ferrovial announced a merger in argentina, argentina, targeting infrastructure to leverage digital tools."
str-20374,kiewit,risk management,transportation,europe,netherlands,netherlands,2023-11-24,7983.45,unknown,sustainability,"kiewit announced a risk management in netherlands, netherlands, targeting commercial to leverage digital tools."
str-20375,shimizu corporation,acquisition,residential,north america,usa,georgia,2023-04-21,2099.29,lendlease,growth,"shimizu corporation announced a acquisition in georgia, usa, targeting industrial to drive sustainability."
str-20376,leighton asia,partnership,utilities,north america,usa,california,2020-08-18,7983.45,unknown,efficiency,"leighton asia announced a partnership in california, usa, targeting healthcare to improve resilience."
str-20377,laing o’rourke,risk management,transportation,europe,uk,northern ireland,2021-02-25,7983.45,unknown,market leadership,"laing o’rourke announced a risk management in northern ireland, uk, targeting healthcare to improve resilience."
str-20378,turner construction,acquisition,infrastructure,europe,uk,northern ireland,2023-01-01,12359.24,leighton asia,growth,"turner construction announced a acquisition in northern ireland, uk, targeting energy to enhance capabilities."
str-20379,obayashi corporation,market expansion,commercial,europe,sweden,sweden,2022-08-05,4062.04,unknown,efficiency,"obayashi corporation announced a market expansion in sweden, sweden, targeting industrial to improve resilience."
str-20380,mortenson construction,partnership,commercial,africa,nigeria,nigeria,2024-10-26,7983.45,unknown,efficiency,"mortenson construction announced a partnership in nigeria, nigeria, targeting commercial to capture market share."
str-20381,ferrovial,merger,infrastructure,latin america,peru,peru,2021-05-22,1279.95,saipem,growth,"ferrovial announced a merger in peru, peru, targeting healthcare to drive sustainability."
str-20382,saipem,sustainability initiative,industrial,australia,australia,queensland,2021-02-28,7983.45,unknown,growth,"saipem announced a sustainability initiative in queensland, australia, targeting healthcare to capture market share."
str-20383,snc-lavalin,digital transformation,residential,latin america,peru,peru,2024-01-05,7983.45,unknown,sustainability,"snc-lavalin announced a digital transformation in peru, peru, targeting residential to enhance capabilities."
str-20384,vinci,technology adoption,industrial,middle east,qatar,qatar,2022-04-17,6203.77,unknown,market leadership,"vinci announced a technology adoption in qatar, qatar, targeting utilities to expand globally."
str-20385,mortenson construction,market expansion,energy,europe,spain,spain,2022-10-15,2381.26,unknown,sustainability,"mortenson construction announced a market expansion in spain, spain, targeting transportation to leverage digital tools."
str-20386,whiting-turner,acquisition,residential,europe,netherlands,netherlands,2023-03-04,6209.03,thiess,growth,"whiting-turner announced a acquisition in netherlands, netherlands, targeting commercial to enhance capabilities."
str-20387,clark construction,market expansion,utilities,asia-pacific,china,jiangsu,2024-05-29,4541.84,unknown,market leadership,"clark construction announced a market expansion in jiangsu, china, targeting commercial to leverage digital tools."
str-20388,jacobs,workforce development,healthcare,north america,canada,ontario,2024-05-03,7983.45,unknown,market leadership,"jacobs announced a workforce development in ontario, canada, targeting commercial to improve resilience."
str-20389,john holland,digital transformation,utilities,europe,sweden,sweden,2021-07-16,7983.45,unknown,growth,"john holland announced a digital transformation in sweden, sweden, targeting education to enhance capabilities."
str-20390,clark construction,merger,utilities,latin america,peru,peru,2024-07-30,8323.59,aecom,growth,"clark construction announced a merger in peru, peru, targeting commercial to leverage digital tools."
str-20391,bam group,sustainability initiative,infrastructure,middle east,oman,oman,2024-04-03,7983.45,unknown,innovation,"bam group announced a sustainability initiative in oman, oman, targeting healthcare to enhance capabilities."
str-20392,mccarthy,sustainability initiative,infrastructure,europe,poland,poland,2022-12-30,7983.45,unknown,growth,"mccarthy announced a sustainability initiative in poland, poland, targeting infrastructure to capture market share."
str-20393,pcl construction,workforce development,infrastructure,australia,australia,victoria,2020-06-30,7983.45,unknown,efficiency,"pcl construction announced a workforce development in victoria, australia, targeting transportation to expand globally."
str-20394,skanska,workforce development,transportation,africa,morocco,morocco,2025-04-18,7983.45,unknown,growth,"skanska announced a workforce development in morocco, morocco, targeting healthcare to leverage digital tools."
str-20395,kajima corporation,merger,residential,europe,france,france,2023-10-14,14735.31,bouygues,innovation,"kajima corporation announced a merger in france, france, targeting residential to improve resilience."
str-20396,skanska,merger,infrastructure,australia,australia,new south wales,2025-02-13,10775.92,samsung c&t,sustainability,"skanska announced a merger in new south wales, australia, targeting commercial to expand globally."
str-20397,bechtel,cost optimization,industrial,latin america,chile,chile,2023-01-16,7983.45,unknown,market leadership,"bechtel announced a cost optimization in chile, chile, targeting infrastructure to improve resilience."
str-20398,whiting-turner,cost optimization,industrial,europe,germany,germany,2020-08-14,7983.45,unknown,innovation,"whiting-turner announced a cost optimization in germany, germany, targeting commercial to drive sustainability."
str-20399,kajima corporation,digital transformation,transportation,north america,usa,washington,2024-05-07,7983.45,unknown,efficiency,"kajima corporation announced a digital transformation in washington, usa, targeting education to leverage digital tools."
